25;Requeijão em Pó;16,99;50;Alimentos;O QUE É?O Requeijão Vegano em pó 100g WVegan é um produto único, tem sabor e textura.;4
28;Requeijão em Pó;16,99;50;Alimentos;O QUE É?O Requeijão Vegano em pó 100g WVegan é um produto único, tem sabor e textura.;4
29;Creme Dental;13,86;50;Cosméticos;CREME DENTAL EPIORGANIC 90g - Natural - Vegano - Sem Flúor da BIOZENTHI;4
46;Requeijão em Pó;16,99;50;Alimentos;O QUE É?O Requeijão Vegano em pó 100g WVegan é um produto único, tem sabor e textura.;4
47;Creme Dental;13,86;50;Cosméticos;CREME DENTAL EPIORGANIC 90g - Natural - Vegano - Sem Flúor da BIOZENTHI;4
48;Repelente Natural;45,90;25;Saúde;Sua fórmula simples, segura e eficaz garante proteção e hidratação por até 3 horas.;4
49;Requeijão em Pó;16,99;50;Alimentos;O QUE É?O Requeijão Vegano em pó 100g WVegan é um produto único, tem sabor e textura.;4
50;Creme Dental;13,86;50;Cosméticos;CREME DENTAL EPIORGANIC 90g - Natural - Vegano - Sem Flúor da BIOZENTHI;4
51;Repelente Natural;45,90;25;Saúde;Sua fórmula simples, segura e eficaz garante proteção e hidratação por até 3 horas.;4
25;Requeijão em Pó;16,99;50;Alimentos;O QUE É?O Requeijão Vegano em pó 100g WVegan é um produto único, tem sabor e textura.;4
28;Requeijão em Pó;16,99;50;Alimentos;O QUE É?O Requeijão Vegano em pó 100g WVegan é um produto único, tem sabor e textura.;4
29;Creme Dental;13,86;50;Cosméticos;CREME DENTAL EPIORGANIC 90g - Natural - Vegano - Sem Flúor da BIOZENTHI;4
46;Requeijão em Pó;16,99;50;Alimentos;O QUE É?O Requeijão Vegano em pó 100g WVegan é um produto único, tem sabor e textura.;4
47;Creme Dental;13,86;50;Cosméticos;CREME DENTAL EPIORGANIC 90g - Natural - Vegano - Sem Flúor da BIOZENTHI;4
48;Repelente Natural;45,90;25;Saúde;Sua fórmula simples, segura e eficaz garante proteção e hidratação por até 3 horas.;4
49;Requeijão em Pó;16,99;50;Alimentos;O QUE É?O Requeijão Vegano em pó 100g WVegan é um produto único, tem sabor e textura.;4
50;Creme Dental;13,86;50;Cosméticos;CREME DENTAL EPIORGANIC 90g - Natural - Vegano - Sem Flúor da BIOZENTHI;4
51;Repelente Natural;45,90;25;Saúde;Sua fórmula simples, segura e eficaz garante proteção e hidratação por até 3 horas.;4
25;Requeijão em Pó;16,99;50;Alimentos;O QUE É?O Requeijão Vegano em pó 100g WVegan é um produto único, tem sabor e textura.;4
28;Requeijão em Pó;16,99;50;Alimentos;O QUE É?O Requeijão Vegano em pó 100g WVegan é um produto único, tem sabor e textura.;4
29;Creme Dental;13,86;50;Cosméticos;CREME DENTAL EPIORGANIC 90g - Natural - Vegano - Sem Flúor da BIOZENTHI;4
46;Requeijão em Pó;16,99;50;Alimentos;O QUE É?O Requeijão Vegano em pó 100g WVegan é um produto único, tem sabor e textura.;4
47;Creme Dental;13,86;50;Cosméticos;CREME DENTAL EPIORGANIC 90g - Natural - Vegano - Sem Flúor da BIOZENTHI;4
48;Repelente Natural;45,90;25;Saúde;Sua fórmula simples, segura e eficaz garante proteção e hidratação por até 3 horas.;4
25;Requeijão em Pó;16,99;50;Alimentos;O QUE É?O Requeijão Vegano em pó 100g WVegan é um produto único, tem sabor e textura.;4
28;Requeijão em Pó;16,99;50;Alimentos;O QUE É?O Requeijão Vegano em pó 100g WVegan é um produto único, tem sabor e textura.;4
29;Creme Dental;13,86;50;Cosméticos;CREME DENTAL EPIORGANIC 90g - Natural - Vegano - Sem Flúor da BIOZENTHI;4
46;Requeijão em Pó;16,99;50;Alimentos;O QUE É?O Requeijão Vegano em pó 100g WVegan é um produto único, tem sabor e textura.;4
47;Creme Dental;13,86;50;Cosméticos;CREME DENTAL EPIORGANIC 90g - Natural - Vegano - Sem Flúor da BIOZENTHI;4
48;Repelente Natural;45,90;25;Saúde;Sua fórmula simples, segura e eficaz garante proteção e hidratação por até 3 horas.;4
25;Requeijão em Pó;16,99;50;Alimentos;O QUE É?O Requeijão Vegano em pó 100g WVegan é um produto único, tem sabor e textura.;4
28;Requeijão em Pó;16,99;50;Alimentos;O QUE É?O Requeijão Vegano em pó 100g WVegan é um produto único, tem sabor e textura.;4
29;Creme Dental;13,86;50;Cosméticos;CREME DENTAL EPIORGANIC 90g - Natural - Vegano - Sem Flúor da BIOZENTHI;4
46;Requeijão em Pó;16,99;50;Alimentos;O QUE É?O Requeijão Vegano em pó 100g WVegan é um produto único, tem sabor e textura.;4
47;Creme Dental;13,86;50;Cosméticos;CREME DENTAL EPIORGANIC 90g - Natural - Vegano - Sem Flúor da BIOZENTHI;4
48;Repelente Natural;45,90;25;Saúde;Sua fórmula simples, segura e eficaz garante proteção e hidratação por até 3 horas.;4
1;Requeijão em Pó;16,99;50;Alimentos;O QUE É?O Requeijão Vegano em pó 100g WVegan é um produto único, tem sabor e textura.;1
3;Repelente Natural;45,90;25;Saúde;Sua fórmula simples, segura e eficaz garante proteção e hidratação por até 3 horas.;1
4;Requeijão em Pó;16,99;50;Alimentos;O QUE É?O Requeijão Vegano em pó 100g WVegan é um produto único, tem sabor e textura.;1
5;Creme Dental;13,86;50;Cosméticos;CREME DENTAL EPIORGANIC 90g - Natural - Vegano - Sem Flúor da BIOZENTHI;1
6;Repelente Natural;45,90;25;Saúde;Sua fórmula simples, segura e eficaz garante proteção e hidratação por até 3 horas.;1
7;Requeijão em Pó;16,99;50;Alimentos;O QUE É?O Requeijão Vegano em pó 100g WVegan é um produto único, tem sabor e textura.;1
8;Creme Dental;13,86;50;Cosméticos;CREME DENTAL EPIORGANIC 90g - Natural - Vegano - Sem Flúor da BIOZENTHI;1
9;Repelente Natural;45,90;25;Saúde;Sua fórmula simples, segura e eficaz garante proteção e hidratação por até 3 horas.;1
1;Requeijão em Pó;16,99;1;Alimentos;O QUE É?O Requeijão Vegano em pó 100g WVegan é um produto único, tem sabor e textura.;1
3;Repelente Natural;45,90;25;Saúde;Sua fórmula simples, segura e eficaz garante proteção e hidratação por até 3 horas.;1
4;Requeijão em Pó;16,99;50;Alimentos;O QUE É?O Requeijão Vegano em pó 100g WVegan é um produto único, tem sabor e textura.;1
5;Creme Dental;13,86;50;Cosméticos;CREME DENTAL EPIORGANIC 90g - Natural - Vegano - Sem Flúor da BIOZENTHI;1
6;Repelente Natural;45,90;25;Saúde;Sua fórmula simples, segura e eficaz garante proteção e hidratação por até 3 horas.;1
7;Requeijão em Pó;16,99;50;Alimentos;O QUE É?O Requeijão Vegano em pó 100g WVegan é um produto único, tem sabor e textura.;1
8;Creme Dental;13,86;50;Cosméticos;CREME DENTAL EPIORGANIC 90g - Natural - Vegano - Sem Flúor da BIOZENTHI;1
9;Repelente Natural;45,90;25;Saúde;Sua fórmula simples, segura e eficaz garante proteção e hidratação por até 3 horas.;1
69;Sorvete;11,00;111;Alimentos;Alérgicos: Pode conter traços de castanha-de-caju, amêndoas, avelãs e amendoim.
Não contém glúten. Não contém lactose. Não contém proteínas do leite. Não contém soja. Não contém ovos;1
70;Sorvete;11,00;111;Saúde;oi, teste, teste;1
1;Requeijão em Pó;16,99;1;Alimentos;O QUE É?O Requeijão Vegano em pó 100g WVegan é um produto único, tem sabor e textura.;1
3;Repelente Natural;45,90;25;Saúde;Sua fórmula simples, segura e eficaz garante proteção e hidratação por até 3 horas.;1
4;Requeijão em Pó;16,99;50;Alimentos;O QUE É?O Requeijão Vegano em pó 100g WVegan é um produto único, tem sabor e textura.;1
5;Creme Dental;13,86;50;Cosméticos;CREME DENTAL EPIORGANIC 90g - Natural - Vegano - Sem Flúor da BIOZENTHI;1
6;Repelente Natural;45,90;25;Saúde;Sua fórmula simples, segura e eficaz garante proteção e hidratação por até 3 horas.;1
7;Requeijão em Pó;16,99;50;Alimentos;O QUE É?O Requeijão Vegano em pó 100g WVegan é um produto único, tem sabor e textura.;1
8;Creme Dental;13,86;50;Cosméticos;CREME DENTAL EPIORGANIC 90g - Natural - Vegano - Sem Flúor da BIOZENTHI;1
9;Repelente Natural;45,90;25;Saúde;Sua fórmula simples, segura e eficaz garante proteção e hidratação por até 3 horas.;1
69;Sorvete;11,00;111;Alimentos;Alérgicos: Pode conter traços de castanha-de-caju, amêndoas, avelãs e amendoim.
Não contém glúten. Não contém lactose. Não contém proteínas do leite. Não contém soja. Não contém ovos;1
70;Sorvete;11,00;111;Saúde;oi, teste, teste;1
71;Sorvete;1,00;100;Alimentos;Alérgicos: Pode conter traços de castanha-de-caju, amêndoas, avelãs e amendoim.
Não contém glúten. Não contém lactose. Não contém proteínas do leite. Não contém soja. Não contém ovos;1
1;Requeijão em Pó;16,99;50;Alimentos;O QUE É?O Requeijão Vegano em pó 100g WVegan é um produto único, tem sabor e textura.;1
2;Creme Dental;13,86;50;Cosméticos;CREME DENTAL EPIORGANIC 90g - Natural - Vegano - Sem Flúor da BIOZENTHI;1
3;Repelente Natural;45,90;0;Saúde;Sua fórmula simples, segura e eficaz garante proteção e hidratação por até 3 horas.;1
